"Joint planning of Army, Navy, IAF key to winning war in short time: Dhanoa"
Teen driver Sophia Floersch  fractures spine in Macau GP horror crash
"Trooper killed in attack on CRPF camp in J-K’s Pulwama, encounter underway"
‘Lies’: Congress complains to EC about PM Modi  speech
Punjab CM Amarinder suspects ISI hand in attack that killed 3 in Amritsar
"Pakistan doesn’t do ‘a damn thing’ for US, says Donald Trump"
"BJP plans to intensify Sabarimala protests, spread stir beyond Kerala"
The future is vernacular: 7 brand leaders discuss going regional - LIVE from the newsroom
Crucial RBI board meeting on Monday amid ongoing rift with govt
"2 matches, 21 wickets: Meet the bowler with this barely believable stat"
""
Business tycoon’s son celebrates IPL retention with maiden first class ton
Xiaomi Redmi Note 6 Pro first impressions
My son thought I’ll be assassinated like Indira Gandhi: Kapil Sibal
"Amritsar grenade attack could be ‘terrorist act’, say Punjab police"
"Punjab not responsible for Delhi’s polluted air, says Amarinder Singh"
The Ballad of Buster Scruggs review: Coen Brothers redefine Netflix films
"Trump says CIA assessment ‘premature’, full Khashoggi report on Tuesday"
Thugs of Hindostan box office day 9: Aamir Khan film is in free fall
Xiaomi Redmi Note 6 Pro first impressions
"Jabong to lay off 200 employees, to be merged with Myntra: Report"
5 winter illnesses you need to protect yourself from
Teen driver Sophia Floersch  fractures spine in Macau GP horror crash
"Not allowed to visit Haryana village, Kejriwal says BJP govt afraid of AAP"
‘Prepare for celebrations on December 1’: Fadnavis hints at Maratha quota
"Lucknow Court permits admissions to Ayurveda, Unani colleges via NEET"
